"County.Name","YearText","Birth_Defects_Per_10k"
"Anderson",2013,323.68
"Andrews",2013,392.75
"Angelina",2013,330.91
"Aransas",2013,566.04
"Archer",2013,NA
"Armstrong",2013,0
"Atascosa",2013,531.25
"Austin",2013,547.11
"Bailey",2013,NA
"Bandera",2013,632.91
"Bastrop",2013,388.15
"Baylor",2013,NA
"Bee",2013,405.06
"Bell",2013,637.39
"Bexar",2013,614.72
"Blanco",2013,NA
"Borden",2013,NA
"Bosque",2013,550
"Bowie",2013,541.46
"Brazoria",2013,451.72
"Brazos",2013,402.43
"Brewster",2013,608.7
"Briscoe",2013,NA
"Brooks",2013,NA
"Brown",2013,645.93
"Burleson",2013,508.47
"Burnet",2013,461.22
"Caldwell",2013,477.22
"Calhoun",2013,392.16
"Callahan",2013,625
"Cameron",2013,456.64
"Camp",2013,432.69
"Carson",2013,NA
"Cass",2013,382.51
"Castro",2013,847.46
"Chambers",2013,455.53
"Cherokee",2013,440.99
"Childress",2013,857.14
"Clay",2013,594.06
"Cochran",2013,NA
"Coke",2013,NA
"Coleman",2013,689.66
"Collin",2013,565.73
"Collingsworth",2013,NA
"Colorado",2013,609.76
"Comal",2013,455.55
"Comanche",2013,460.53
"Concho",2013,NA
"Cooke",2013,531.31
"Coryell",2013,638.5
"Cottle",2013,NA
"Crane",2013,740.74
"Crockett",2013,NA
"Crosby",2013,NA
"Culberson",2013,NA
"Dallam",2013,496.45
"Dallas",2013,662.37
"Dawson",2013,370.37
"Deaf Smith",2013,415.43
"Delta",2013,NA
"Denton",2013,594.27
"DeWitt",2013,411.99
"Dickens",2013,NA
"Dimmit",2013,358.97
"Donley",2013,0
"Duval",2013,779.22
"Eastland",2013,574.16
"Ector",2013,714.29
"Edwards",2013,NA
"El Paso",2013,588.45
"Ellis",2013,650.49
"Erath",2013,412.37
"Falls",2013,591.13
"Fannin",2013,524.69
"Fayette",2013,489.8
"Fisher",2013,NA
"Floyd",2013,NA
"Foard",2013,NA
"Fort Bend",2013,471.66
"Franklin",2013,NA
"Freestone",2013,560.75
"Frio",2013,380.23
"Gaines",2013,355.33
"Galveston",2013,482.32
"Garza",2013,NA
"Gillespie",2013,375
"Glasscock",2013,NA
"Goliad",2013,NA
"Gonzales",2013,533.81
"Gray",2013,408.16
"Grayson",2013,463.88
"Gregg",2013,507.21
"Grimes",2013,676.92
"Guadalupe",2013,515.05
"Hale",2013,368.93
"Hall",2013,NA
"Hamilton",2013,864.2
"Hansford",2013,731.71
"Hardeman",2013,NA
"Hardin",2013,280.9
"Harris",2013,487.9
"Harrison",2013,488.1
"Hartley",2013,NA
"Haskell",2013,NA
"Hays",2013,455.61
"Hemphill",2013,NA
"Henderson",2013,765.71
"Hidalgo",2013,550.61
"Hill",2013,284.97
"Hockley",2013,447.28
"Hood",2013,596.03
"Hopkins",2013,537.38
"Houston",2013,506.33
"Howard",2013,695.07
"Hudspeth",2013,NA
"Hunt",2013,766.36
"Hutchinson",2013,495.05
"Irion",2013,NA
"Jack",2013,NA
"Jackson",2013,680.63
"Jasper",2013,354.77
"Jeff Davis",2013,NA
"Jefferson",2013,320.2
"Jim Hogg",2013,NA
"Jim Wells",2013,471.84
"Johnson",2013,622.51
"Jones",2013,NA
"Karnes",2013,574.71
"Kaufman",2013,633.33
"Kendall",2013,476.19
"Kenedy",2013,NA
"Kent",2013,NA
"Kerr",2013,383.06
"Kimble",2013,NA
"King",2013,NA
"Kinney",2013,NA
"Kleberg",2013,321.29
"Knox",2013,NA
"La Salle",2013,NA
"Lamar",2013,430.11
"Lamb",2013,615.38
"Lampasas",2013,629.92
"Lavaca",2013,555.56
"Lee",2013,439.56
"Leon",2013,459.18
"Liberty",2013,473.98
"Limestone",2013,472.73
"Lipscomb",2013,0
"Live Oak",2013,NA
"Llano",2013,NA
"Loving",2013,NA
"Lubbock",2013,586.67
"Lynn",2013,NA
"Madison",2013,NA
"Marion",2013,571.43
"Martin",2013,707.07
"Mason",2013,NA
"Matagorda",2013,498.08
"Maverick",2013,439.56
"McCulloch",2013,NA
"McLennan",2013,645.62
"McMullen",2013,NA
"Medina",2013,511.36
"Menard",2013,NA
"Midland",2013,603.48
"Milam",2013,863.79
"Mills",2013,NA
"Mitchell",2013,NA
"Montague",2013,765.77
"Montgomery",2013,587.61
"Moore",2013,318.91
"Morris",2013,445.86
"Motley",2013,NA
"Nacogdoches",2013,466.44
"Navarro",2013,532.54
"Newton",2013,503.6
"Nolan",2013,502.28
"Nueces",2013,480.91
"Ochiltree",2013,331.49
"Oldham",2013,0
"Orange",2013,493.93
"Palo Pinto",2013,689.66
"Panola",2013,600
"Parker",2013,739.88
"Parmer",2013,NA
"Pecos",2013,375
"Polk",2013,516.25
"Potter",2013,622.59
"Presidio",2013,NA
"Rains",2013,NA
"Randall",2013,716.4
"Reagan",2013,NA
"Real",2013,NA
"Red River",2013,509.55
"Reeves",2013,824.74
"Refugio",2013,NA
"Roberts",2013,NA
"Robertson",2013,676.33
"Rockwall",2013,616.65
"Runnels",2013,NA
"Rusk",2013,387.1
"Sabine",2013,NA
"San Augustine",2013,NA
"San Jacinto",2013,316.9
"San Patricio",2013,688.59
"San Saba",2013,NA
"Schleicher",2013,NA
"Scurry",2013,578.51
"Shackelford",2013,NA
"Shelby",2013,473.68
"Sherman",2013,NA
"Smith",2013,670.55
"Somervell",2013,NA
"Starr",2013,497.8
"Stephens",2013,NA
"Sterling",2013,NA
"Stonewall",2013,NA
"Sutton",2013,NA
"Swisher",2013,NA
"Tarrant",2013,747.88
"Taylor",2013,360.36
"Terrell",2013,NA
"Terry",2013,731.71
"Throckmorton",2013,NA
"Titus",2013,404.86
"Tom Green",2013,397.95
"Travis",2013,455.99
"Trinity",2013,NA
"Tyler",2013,NA
"Upshur",2013,676.23
"Upton",2013,NA
"Uvalde",2013,380.05
"Val Verde",2013,486.98
"Van Zandt",2013,713.07
"Victoria",2013,613.31
"Walker",2013,445.15
"Waller",2013,538.72
"Ward",2013,876.29
"Washington",2013,379.75
"Webb",2013,351.16
"Wharton",2013,433.15
"Wheeler",2013,NA
"Wichita",2013,345.8
"Wilbarger",2013,NA
"Willacy",2013,350.32
"Williamson",2013,516.47
"Wilson",2013,578.03
"Winkler",2013,839.69
"Wise",2013,570.34
"Wood",2013,592.59
"Yoakum",2013,NA
"Young",2013,535.71
"Zapata",2013,328.47
"Zavala",2013,343.14
"Anderson",2014,437.83
"Andrews",2014,377.91
"Angelina",2014,391.82
"Aransas",2014,547.45
"Archer",2014,NA
"Armstrong",2014,NA
"Atascosa",2014,481.59
"Austin",2014,552.49
"Bailey",2014,733.94
"Bandera",2014,569.62
"Bastrop",2014,490.38
"Baylor",2014,0
"Bee",2014,480.77
"Bell",2014,685.22
"Bexar",2014,574.07
"Blanco",2014,NA
"Borden",2014,NA
"Bosque",2014,363.64
"Bowie",2014,410.85
"Brazoria",2014,554.28
"Brazos",2014,544.94
"Brewster",2014,582.52
"Briscoe",2014,NA
"Brooks",2014,NA
"Brown",2014,470.59
"Burleson",2014,333.33
"Burnet",2014,660.79
"Caldwell",2014,565.3
"Calhoun",2014,561.06
"Callahan",2014,740.74
"Cameron",2014,449.47
"Camp",2014,319.63
"Carson",2014,NA
"Cass",2014,554.02
"Castro",2014,NA
"Chambers",2014,736.84
"Cherokee",2014,512.82
"Childress",2014,731.71
"Clay",2014,NA
"Cochran",2014,0
"Coke",2014,NA
"Coleman",2014,NA
"Collin",2014,607.18
"Collingsworth",2014,NA
"Colorado",2014,559.7
"Comal",2014,505.54
"Comanche",2014,652.17
"Concho",2014,NA
"Cooke",2014,623.89
"Coryell",2014,555.03
"Cottle",2014,NA
"Crane",2014,NA
"Crockett",2014,NA
"Crosby",2014,NA
"Culberson",2014,NA
"Dallam",2014,NA
"Dallas",2014,692.65
"Dawson",2014,361.45
"Deaf Smith",2014,590.06
"Delta",2014,NA
"Denton",2014,548.46
"DeWitt",2014,553.63
"Dickens",2014,NA
"Dimmit",2014,NA
"Donley",2014,NA
"Duval",2014,673.58
"Eastland",2014,368.66
"Ector",2014,591.58
"Edwards",2014,NA
"El Paso",2014,475.56
"Ellis",2014,691.91
"Erath",2014,453.69
"Falls",2014,917.43
"Fannin",2014,640.24
"Fayette",2014,329.22
"Fisher",2014,0
"Floyd",2014,NA
"Foard",2014,NA
"Fort Bend",2014,520.37
"Franklin",2014,NA
"Freestone",2014,392.16
"Frio",2014,NA
"Gaines",2014,443.35
"Galveston",2014,612.44
"Garza",2014,952.38
"Gillespie",2014,312.5
"Glasscock",2014,NA
"Goliad",2014,0
"Gonzales",2014,468.75
"Gray",2014,323.53
"Grayson",2014,448.72
"Gregg",2014,448.98
"Grimes",2014,473.37
"Guadalupe",2014,554.62
"Hale",2014,323.28
"Hall",2014,NA
"Hamilton",2014,NA
"Hansford",2014,NA
"Hardeman",2014,NA
"Hardin",2014,447.98
"Harris",2014,542
"Harrison",2014,458.28
"Hartley",2014,0
"Haskell",2014,NA
"Hays",2014,456.47
"Hemphill",2014,NA
"Henderson",2014,586.91
"Hidalgo",2014,605.21
"Hill",2014,677.97
"Hockley",2014,483.87
"Hood",2014,554.59
"Hopkins",2014,488.32
"Houston",2014,434.78
"Howard",2014,754.35
"Hudspeth",2014,NA
"Hunt",2014,638.11
"Hutchinson",2014,456.03
"Irion",2014,NA
"Jack",2014,NA
"Jackson",2014,396.04
"Jasper",2014,303.8
"Jeff Davis",2014,NA
"Jefferson",2014,478.94
"Jim Hogg",2014,752.69
"Jim Wells",2014,602.74
"Johnson",2014,678.22
"Jones",2014,810.81
"Karnes",2014,314.14
"Kaufman",2014,688.07
"Kendall",2014,332.41
"Kenedy",2014,NA
"Kent",2014,NA
"Kerr",2014,532.11
"Kimble",2014,NA
"King",2014,NA
"Kinney",2014,0
"Kleberg",2014,375.78
"Knox",2014,NA
"La Salle",2014,NA
"Lamar",2014,332.41
"Lamb",2014,703.52
"Lampasas",2014,483.87
"Lavaca",2014,537.19
"Lee",2014,535.71
"Leon",2014,634.15
"Liberty",2014,573.01
"Limestone",2014,380.12
"Lipscomb",2014,0
"Live Oak",2014,NA
"Llano",2014,559.01
"Loving",2014,NA
"Lubbock",2014,693.89
"Lynn",2014,NA
"Madison",2014,602.41
"Marion",2014,919.54
"Martin",2014,588.24
"Mason",2014,NA
"Matagorda",2014,524.48
"Maverick",2014,392.83
"McCulloch",2014,NA
"McLennan",2014,646.94
"McMullen",2014,NA
"Medina",2014,448.5
"Menard",2014,NA
"Midland",2014,537.86
"Milam",2014,813.25
"Mills",2014,NA
"Mitchell",2014,NA
"Montague",2014,409.09
"Montgomery",2014,579.71
"Moore",2014,522.57
"Morris",2014,419.58
"Motley",2014,NA
"Nacogdoches",2014,507.9
"Navarro",2014,520.83
"Newton",2014,NA
"Nolan",2014,474.14
"Nueces",2014,421.83
"Ochiltree",2014,NA
"Oldham",2014,NA
"Orange",2014,422.3
"Palo Pinto",2014,470.91
"Panola",2014,477.82
"Parker",2014,583.68
"Parmer",2014,416.67
"Pecos",2014,308.37
"Polk",2014,378.95
"Potter",2014,497.34
"Presidio",2014,489.51
"Rains",2014,NA
"Randall",2014,510.78
"Reagan",2014,NA
"Real",2014,NA
"Red River",2014,708.66
"Reeves",2014,298.51
"Refugio",2014,645.16
"Roberts",2014,NA
"Robertson",2014,638.3
"Rockwall",2014,802.03
"Runnels",2014,NA
"Rusk",2014,468.75
"Sabine",2014,NA
"San Augustine",2014,NA
"San Jacinto",2014,422.54
"San Patricio",2014,515.76
"San Saba",2014,NA
"Schleicher",2014,NA
"Scurry",2014,727.97
"Shackelford",2014,NA
"Shelby",2014,400
"Sherman",2014,NA
"Smith",2014,644.85
"Somervell",2014,NA
"Starr",2014,593.34
"Stephens",2014,625
"Sterling",2014,NA
"Stonewall",2014,NA
"Sutton",2014,NA
"Swisher",2014,NA
"Tarrant",2014,703.16
"Taylor",2014,466.98
"Terrell",2014,NA
"Terry",2014,714.29
"Throckmorton",2014,NA
"Titus",2014,500
"Tom Green",2014,504.2
"Travis",2014,490.53
"Trinity",2014,445.86
"Tyler",2014,280.37
"Upshur",2014,611
"Upton",2014,NA
"Uvalde",2014,391.2
"Val Verde",2014,577.37
"Van Zandt",2014,792.25
"Victoria",2014,466
"Walker",2014,415.43
"Waller",2014,480.48
"Ward",2014,427.81
"Washington",2014,602.41
"Webb",2014,418.87
"Wharton",2014,417.42
"Wheeler",2014,NA
"Wichita",2014,330.58
"Wilbarger",2014,NA
"Willacy",2014,273.04
"Williamson",2014,514.89
"Wilson",2014,719.84
"Winkler",2014,NA
"Wise",2014,518.13
"Wood",2014,456.73
"Yoakum",2014,NA
"Young",2014,391.3
"Zapata",2014,292.21
"Zavala",2014,558.38
"Anderson",2015,251.97
"Andrews",2015,526.32
"Angelina",2015,502.06
"Aransas",2015,579.71
"Archer",2015,769.23
"Armstrong",2015,NA
"Atascosa",2015,595.93
"Austin",2015,576.37
"Bailey",2015,802.92
"Bandera",2015,909.09
"Bastrop",2015,458.02
"Baylor",2015,NA
"Bee",2015,606.8
"Bell",2015,684.23
"Bexar",2015,639.65
"Blanco",2015,NA
"Borden",2015,NA
"Bosque",2015,860.22
"Bowie",2015,444.8
"Brazoria",2015,508.92
"Brazos",2015,544.64
"Brewster",2015,NA
"Briscoe",2015,NA
"Brooks",2015,512.82
"Brown",2015,391.2
"Burleson",2015,604.65
"Burnet",2015,651.34
"Caldwell",2015,516.61
"Calhoun",2015,376.18
"Callahan",2015,748.3
"Cameron",2015,507.05
"Camp",2015,639.53
"Carson",2015,NA
"Cass",2015,466.32
"Castro",2015,480
"Chambers",2015,742.19
"Cherokee",2015,519.95
"Childress",2015,NA
"Clay",2015,NA
"Cochran",2015,NA
"Coke",2015,NA
"Coleman",2015,833.33
"Collin",2015,602.78
"Collingsworth",2015,NA
"Colorado",2015,528.3
"Comal",2015,528.26
"Comanche",2015,459.77
"Concho",2015,0
"Cooke",2015,533.09
"Coryell",2015,603.45
"Cottle",2015,NA
"Crane",2015,NA
"Crockett",2015,NA
"Crosby",2015,NA
"Culberson",2015,0
"Dallam",2015,382.17
"Dallas",2015,669.93
"Dawson",2015,536.59
"Deaf Smith",2015,603.45
"Delta",2015,NA
"Denton",2015,545.2
"DeWitt",2015,407.41
"Dickens",2015,NA
"Dimmit",2015,520.23
"Donley",2015,NA
"Duval",2015,441.99
"Eastland",2015,552.76
"Ector",2015,585.09
"Edwards",2015,NA
"El Paso",2015,477.99
"Ellis",2015,739.52
"Erath",2015,604.03
"Falls",2015,NA
"Fannin",2015,481.59
"Fayette",2015,249.11
"Fisher",2015,NA
"Floyd",2015,NA
"Foard",2015,NA
"Fort Bend",2015,465.4
"Franklin",2015,NA
"Freestone",2015,654.21
"Frio",2015,413.22
"Gaines",2015,478.26
"Galveston",2015,680.58
"Garza",2015,NA
"Gillespie",2015,590.55
"Glasscock",2015,NA
"Goliad",2015,NA
"Gonzales",2015,409.36
"Gray",2015,355.03
"Grayson",2015,564.01
"Gregg",2015,685.01
"Grimes",2015,366.97
"Guadalupe",2015,544.37
"Hale",2015,766.05
"Hall",2015,NA
"Hamilton",2015,NA
"Hansford",2015,NA
"Hardeman",2015,NA
"Hardin",2015,502.87
"Harris",2015,503.72
"Harrison",2015,460.05
"Hartley",2015,NA
"Haskell",2015,NA
"Hays",2015,450.49
"Hemphill",2015,NA
"Henderson",2015,703.13
"Hidalgo",2015,736.76
"Hill",2015,411.31
"Hockley",2015,626.87
"Hood",2015,562.96
"Hopkins",2015,923.42
"Houston",2015,389.61
"Howard",2015,619.83
"Hudspeth",2015,NA
"Hunt",2015,712.98
"Hutchinson",2015,383.28
"Irion",2015,NA
"Jack",2015,576.92
"Jackson",2015,710.9
"Jasper",2015,317.8
"Jeff Davis",2015,NA
"Jefferson",2015,402.12
"Jim Hogg",2015,NA
"Jim Wells",2015,547.73
"Johnson",2015,626.49
"Jones",2015,816.33
"Karnes",2015,666.67
"Kaufman",2015,592.45
"Kendall",2015,795.76
"Kenedy",2015,NA
"Kent",2015,NA
"Kerr",2015,518.52
"Kimble",2015,0
"King",2015,NA
"Kinney",2015,NA
"Kleberg",2015,574.71
"Knox",2015,NA
"La Salle",2015,NA
"Lamar",2015,529.41
"Lamb",2015,752.69
"Lampasas",2015,593.61
"Lavaca",2015,389.61
"Lee",2015,336.54
"Leon",2015,516.43
"Liberty",2015,476.61
"Limestone",2015,714.29
"Lipscomb",2015,NA
"Live Oak",2015,751.88
"Llano",2015,617.98
"Loving",2015,NA
"Lubbock",2015,919.93
"Lynn",2015,NA
"Madison",2015,551.72
"Marion",2015,NA
"Martin",2015,645.16
"Mason",2015,0
"Matagorda",2015,412.76
"Maverick",2015,460.87
"McCulloch",2015,NA
"McLennan",2015,714.69
"McMullen",2015,NA
"Medina",2015,615.38
"Menard",2015,NA
"Midland",2015,649.74
"Milam",2015,625
"Mills",2015,0
"Mitchell",2015,NA
"Montague",2015,506.33
"Montgomery",2015,527.68
"Moore",2015,617.85
"Morris",2015,869.57
"Motley",2015,NA
"Nacogdoches",2015,417.15
"Navarro",2015,391.57
"Newton",2015,661.76
"Nolan",2015,539.22
"Nueces",2015,552.26
"Ochiltree",2015,NA
"Oldham",2015,0
"Orange",2015,542.32
"Palo Pinto",2015,509.92
"Panola",2015,349.65
"Parker",2015,741.24
"Parmer",2015,NA
"Pecos",2015,492.61
"Polk",2015,284.7
"Potter",2015,463.2
"Presidio",2015,925.93
"Rains",2015,882.35
"Randall",2015,401.92
"Reagan",2015,NA
"Real",2015,NA
"Red River",2015,NA
"Reeves",2015,388.35
"Refugio",2015,606.06
"Roberts",2015,NA
"Robertson",2015,616.11
"Rockwall",2015,755.08
"Runnels",2015,714.29
"Rusk",2015,468.02
"Sabine",2015,NA
"San Augustine",2015,NA
"San Jacinto",2015,319.15
"San Patricio",2015,528.89
"San Saba",2015,NA
"Schleicher",2015,NA
"Scurry",2015,521.74
"Shackelford",2015,NA
"Shelby",2015,384.62
"Sherman",2015,NA
"Smith",2015,592.21
"Somervell",2015,NA
"Starr",2015,763.83
"Stephens",2015,593.22
"Sterling",2015,NA
"Stonewall",2015,NA
"Sutton",2015,NA
"Swisher",2015,NA
"Tarrant",2015,701.58
"Taylor",2015,481.64
"Terrell",2015,NA
"Terry",2015,529.1
"Throckmorton",2015,NA
"Titus",2015,540
"Tom Green",2015,488.09
"Travis",2015,497.79
"Trinity",2015,397.35
"Tyler",2015,375.59
"Upshur",2015,602.68
"Upton",2015,NA
"Uvalde",2015,794.39
"Val Verde",2015,421.29
"Van Zandt",2015,774.3
"Victoria",2015,535.98
"Walker",2015,359.82
"Waller",2015,541.46
"Ward",2015,710.66
"Washington",2015,423.94
"Webb",2015,414.64
"Wharton",2015,436.97
"Wheeler",2015,NA
"Wichita",2015,460.03
"Wilbarger",2015,395.48
"Willacy",2015,412.37
"Williamson",2015,499.84
"Wilson",2015,730.84
"Winkler",2015,NA
"Wise",2015,622.01
"Wood",2015,673.08
"Yoakum",2015,432.1
"Young",2015,418.6
"Zapata",2015,444.44
"Zavala",2015,512.82
"Anderson",2016,414.51
"Andrews",2016,402.68
"Angelina",2016,435.15
"Aransas",2016,756.3
"Archer",2016,NA
"Armstrong",2016,NA
"Atascosa",2016,574.37
"Austin",2016,579.71
"Bailey",2016,NA
"Bandera",2016,391.06
"Bastrop",2016,492.83
"Baylor",2016,NA
"Bee",2016,497.24
"Bell",2016,608.94
"Bexar",2016,658.67
"Blanco",2016,NA
"Borden",2016,NA
"Bosque",2016,398.01
"Bowie",2016,437.6
"Brazoria",2016,718.01
"Brazos",2016,488.07
"Brewster",2016,NA
"Briscoe",2016,NA
"Brooks",2016,NA
"Brown",2016,452.38
"Burleson",2016,657.28
"Burnet",2016,599.25
"Caldwell",2016,534.76
"Calhoun",2016,544.22
"Callahan",2016,641.03
"Cameron",2016,509.98
"Camp",2016,529.41
"Carson",2016,NA
"Cass",2016,426.83
"Castro",2016,673.08
"Chambers",2016,723.33
"Cherokee",2016,631.14
"Childress",2016,NA
"Clay",2016,NA
"Cochran",2016,NA
"Coke",2016,NA
"Coleman",2016,NA
"Collin",2016,647
"Collingsworth",2016,0
"Colorado",2016,511.81
"Comal",2016,450.45
"Comanche",2016,NA
"Concho",2016,0
"Cooke",2016,358.36
"Coryell",2016,590.16
"Cottle",2016,NA
"Crane",2016,NA
"Crockett",2016,NA
"Crosby",2016,821.92
"Culberson",2016,NA
"Dallam",2016,411.76
"Dallas",2016,710.89
"Dawson",2016,564.97
"Deaf Smith",2016,538.92
"Delta",2016,NA
"Denton",2016,590.2
"DeWitt",2016,478.09
"Dickens",2016,NA
"Dimmit",2016,370.37
"Donley",2016,NA
"Duval",2016,743.24
"Eastland",2016,497.74
"Ector",2016,747.86
"Edwards",2016,NA
"El Paso",2016,499.08
"Ellis",2016,779.92
"Erath",2016,699.59
"Falls",2016,373.44
"Fannin",2016,536.19
"Fayette",2016,269.06
"Fisher",2016,NA
"Floyd",2016,769.23
"Foard",2016,NA
"Fort Bend",2016,620.23
"Franklin",2016,NA
"Freestone",2016,579.71
"Frio",2016,645.16
"Gaines",2016,316.74
"Galveston",2016,NA
"Garza",2016,NA
"Gillespie",2016,610.69
"Glasscock",2016,NA
"Goliad",2016,NA
"Gonzales",2016,264.9
"Gray",2016,580.2
"Grayson",2016,462.54
"Gregg",2016,455.33
"Grimes",2016,542.86
"Guadalupe",2016,488.07
"Hale",2016,734.6
"Hall",2016,NA
"Hamilton",2016,NA
"Hansford",2016,NA
"Hardeman",2016,0
"Hardin",2016,625
"Harris",2016,688.72
"Harrison",2016,466.2
"Hartley",2016,NA
"Haskell",2016,NA
"Hays",2016,444.71
"Hemphill",2016,0
"Henderson",2016,755.56
"Hidalgo",2016,783.58
"Hill",2016,457.83
"Hockley",2016,601.5
"Hood",2016,840.2
"Hopkins",2016,838.57
"Houston",2016,480
"Howard",2016,736.84
"Hudspeth",2016,NA
"Hunt",2016,630.55
"Hutchinson",2016,657.89
"Irion",2016,NA
"Jack",2016,736.84
"Jackson",2016,459.18
"Jasper",2016,341.46
"Jeff Davis",2016,NA
"Jefferson",2016,585.27
"Jim Hogg",2016,NA
"Jim Wells",2016,758.06
"Johnson",2016,600.38
"Jones",2016,581.4
"Karnes",2016,604.4
"Kaufman",2016,667.88
"Kendall",2016,489.13
"Kenedy",2016,NA
"Kent",2016,NA
"Kerr",2016,476.19
"Kimble",2016,NA
"King",2016,NA
"Kinney",2016,NA
"Kleberg",2016,504.81
"Knox",2016,NA
"La Salle",2016,NA
"Lamar",2016,374.25
"Lamb",2016,NA
"Lampasas",2016,733.94
"Lavaca",2016,258.62
"Lee",2016,NA
"Leon",2016,528.85
"Liberty",2016,548.95
"Limestone",2016,NA
"Lipscomb",2016,NA
"Live Oak",2016,NA
"Llano",2016,479.04
"Loving",2016,NA
"Lubbock",2016,691.44
"Lynn",2016,NA
"Madison",2016,440.25
"Marion",2016,NA
"Martin",2016,761.9
"Mason",2016,NA
"Matagorda",2016,362.32
"Maverick",2016,456.24
"McCulloch",2016,NA
"McLennan",2016,735.03
"McMullen",2016,NA
"Medina",2016,626.06
"Menard",2016,NA
"Midland",2016,818.65
"Milam",2016,521.17
"Mills",2016,0
"Mitchell",2016,0
"Montague",2016,NA
"Montgomery",2016,634.96
"Moore",2016,460.53
"Morris",2016,902.78
"Motley",2016,NA
"Nacogdoches",2016,434.78
"Navarro",2016,668.52
"Newton",2016,461.54
"Nolan",2016,439.02
"Nueces",2016,689.22
"Ochiltree",2016,410.26
"Oldham",2016,NA
"Orange",2016,402.5
"Palo Pinto",2016,535.71
"Panola",2016,410.45
"Parker",2016,632.33
"Parmer",2016,526.32
"Pecos",2016,306.12
"Polk",2016,386.85
"Potter",2016,669.14
"Presidio",2016,NA
"Rains",2016,705.88
"Randall",2016,731.71
"Reagan",2016,NA
"Real",2016,NA
"Red River",2016,NA
"Reeves",2016,619.05
"Refugio",2016,681.82
"Roberts",2016,NA
"Robertson",2016,721.15
"Rockwall",2016,679.25
"Runnels",2016,NA
"Rusk",2016,304.05
"Sabine",2016,576.92
"San Augustine",2016,NA
"San Jacinto",2016,564.78
"San Patricio",2016,648.6
"San Saba",2016,NA
"Schleicher",2016,0
"Scurry",2016,639.1
"Shackelford",2016,0
"Shelby",2016,331.63
"Sherman",2016,NA
"Smith",2016,708.16
"Somervell",2016,NA
"Starr",2016,735.06
"Stephens",2016,864.2
"Sterling",2016,NA
"Stonewall",2016,NA
"Sutton",2016,NA
"Swisher",2016,NA
"Tarrant",2016,709.12
"Taylor",2016,624.69
"Terrell",2016,NA
"Terry",2016,855.61
"Throckmorton",2016,NA
"Titus",2016,633.66
"Tom Green",2016,618.16
"Travis",2016,548.98
"Trinity",2016,714.29
"Tyler",2016,398.01
"Upshur",2016,434.78
"Upton",2016,NA
"Uvalde",2016,629.92
"Val Verde",2016,563.7
"Van Zandt",2016,586.37
"Victoria",2016,511.01
"Walker",2016,548.59
"Waller",2016,573.64
"Ward",2016,722.89
"Washington",2016,476.19
"Webb",2016,552.55
"Wharton",2016,633.8
"Wheeler",2016,NA
"Wichita",2016,356.27
"Wilbarger",2016,457.52
"Willacy",2016,582.19
"Williamson",2016,514.43
"Wilson",2016,559.7
"Winkler",2016,754.72
"Wise",2016,648.65
"Wood",2016,740.74
"Yoakum",2016,502.79
"Young",2016,533.33
"Zapata",2016,534.35
"Zavala",2016,607.73
"Anderson",2017,652.92
"Andrews",2017,436.36
"Angelina",2017,455.79
"Aransas",2017,438.6
"Archer",2017,NA
"Armstrong",2017,NA
"Atascosa",2017,682.45
"Austin",2017,523.08
"Bailey",2017,681.82
"Bandera",2017,468.75
"Bastrop",2017,632.45
"Baylor",2017,0
"Bee",2017,619.47
"Bell",2017,656.04
"Bexar",2017,672.7
"Blanco",2017,NA
"Borden",2017,NA
"Bosque",2017,710.66
"Bowie",2017,604.73
"Brazoria",2017,573.47
"Brazos",2017,497.96
"Brewster",2017,NA
"Briscoe",2017,NA
"Brooks",2017,NA
"Brown",2017,358.06
"Burleson",2017,518.87
"Burnet",2017,518.02
"Caldwell",2017,697.25
"Calhoun",2017,452.83
"Callahan",2017,548.78
"Cameron",2017,570.43
"Camp",2017,451.98
"Carson",2017,NA
"Cass",2017,535.12
"Castro",2017,588.24
"Chambers",2017,767.82
"Cherokee",2017,694.26
"Childress",2017,NA
"Clay",2017,NA
"Cochran",2017,NA
"Coke",2017,NA
"Coleman",2017,NA
"Collin",2017,612.21
"Collingsworth",2017,NA
"Colorado",2017,NA
"Comal",2017,391.89
"Comanche",2017,NA
"Concho",2017,NA
"Cooke",2017,283.55
"Coryell",2017,627.62
"Cottle",2017,NA
"Crane",2017,NA
"Crockett",2017,NA
"Crosby",2017,NA
"Culberson",2017,NA
"Dallam",2017,780.14
"Dallas",2017,704.88
"Dawson",2017,529.1
"Deaf Smith",2017,457.32
"Delta",2017,NA
"Denton",2017,551.46
"DeWitt",2017,432.9
"Dickens",2017,NA
"Dimmit",2017,NA
"Donley",2017,0
"Duval",2017,547.95
"Eastland",2017,528.85
"Ector",2017,654.31
"Edwards",2017,NA
"El Paso",2017,531.76
"Ellis",2017,723.98
"Erath",2017,503.14
"Falls",2017,815.22
"Fannin",2017,658.31
"Fayette",2017,400
"Fisher",2017,NA
"Floyd",2017,NA
"Foard",2017,NA
"Fort Bend",2017,514.26
"Franklin",2017,NA
"Freestone",2017,686.27
"Frio",2017,506.33
"Gaines",2017,432.8
"Galveston",2017,588.38
"Garza",2017,NA
"Gillespie",2017,544.75
"Glasscock",2017,NA
"Goliad",2017,882.35
"Gonzales",2017,395.68
"Gray",2017,685.92
"Grayson",2017,502.23
"Gregg",2017,413.58
"Grimes",2017,298.01
"Guadalupe",2017,507.9
"Hale",2017,674.42
"Hall",2017,0
"Hamilton",2017,833.33
"Hansford",2017,NA
"Hardeman",2017,NA
"Hardin",2017,501.43
"Harris",2017,590.84
"Harrison",2017,408.43
"Hartley",2017,NA
"Haskell",2017,NA
"Hays",2017,403.57
"Hemphill",2017,NA
"Henderson",2017,424.8
"Hidalgo",2017,660.9
"Hill",2017,554.09
"Hockley",2017,528.05
"Hood",2017,572.34
"Hopkins",2017,878.05
"Houston",2017,296.61
"Howard",2017,471.91
"Hudspeth",2017,NA
"Hunt",2017,644.1
"Hutchinson",2017,471.01
"Irion",2017,NA
"Jack",2017,NA
"Jackson",2017,486.73
"Jasper",2017,379.46
"Jeff Davis",2017,NA
"Jefferson",2017,446.43
"Jim Hogg",2017,NA
"Jim Wells",2017,903.73
"Johnson",2017,562.65
"Jones",2017,625
"Karnes",2017,659.34
"Kaufman",2017,705.74
"Kendall",2017,796.92
"Kenedy",2017,NA
"Kent",2017,NA
"Kerr",2017,733.94
"Kimble",2017,NA
"King",2017,NA
"Kinney",2017,NA
"Kleberg",2017,525
"Knox",2017,0
"La Salle",2017,769.23
"Lamar",2017,369.18
"Lamb",2017,481.93
"Lampasas",2017,426.54
"Lavaca",2017,570.18
"Lee",2017,315.79
"Leon",2017,422.54
"Liberty",2017,599.82
"Limestone",2017,722.02
"Lipscomb",2017,0
"Live Oak",2017,962.96
"Llano",2017,875
"Loving",2017,NA
"Lubbock",2017,707.88
"Lynn",2017,789.47
"Madison",2017,434.78
"Marion",2017,NA
"Martin",2017,864.2
"Mason",2017,NA
"Matagorda",2017,396.4
"Maverick",2017,372.44
"McCulloch",2017,NA
"McLennan",2017,761.63
"McMullen",2017,NA
"Medina",2017,591.13
"Menard",2017,NA
"Midland",2017,718.84
"Milam",2017,454.55
"Mills",2017,NA
"Mitchell",2017,727.27
"Montague",2017,379.15
"Montgomery",2017,658.36
"Moore",2017,491.8
"Morris",2017,653.59
"Motley",2017,NA
"Nacogdoches",2017,353.98
"Navarro",2017,544.41
"Newton",2017,NA
"Nolan",2017,421.05
"Nueces",2017,856.57
"Ochiltree",2017,476.19
"Oldham",2017,NA
"Orange",2017,476.19
"Palo Pinto",2017,666.67
"Panola",2017,340.91
"Parker",2017,493.99
"Parmer",2017,NA
"Pecos",2017,505.62
"Polk",2017,391.75
"Potter",2017,619.16
"Presidio",2017,NA
"Rains",2017,NA
"Randall",2017,612.9
"Reagan",2017,NA
"Real",2017,NA
"Red River",2017,NA
"Reeves",2017,434.78
"Refugio",2017,823.53
"Roberts",2017,NA
"Robertson",2017,422.54
"Rockwall",2017,766.9
"Runnels",2017,NA
"Rusk",2017,527.21
"Sabine",2017,NA
"San Augustine",2017,NA
"San Jacinto",2017,405.41
"San Patricio",2017,730.16
"San Saba",2017,NA
"Schleicher",2017,NA
"Scurry",2017,483.09
"Shackelford",2017,0
"Shelby",2017,591.72
"Sherman",2017,NA
"Smith",2017,620.08
"Somervell",2017,NA
"Starr",2017,639.87
"Stephens",2017,679.61
"Sterling",2017,NA
"Stonewall",2017,NA
"Sutton",2017,NA
"Swisher",2017,NA
"Tarrant",2017,634.06
"Taylor",2017,434.99
"Terrell",2017,NA
"Terry",2017,729.17
"Throckmorton",2017,NA
"Titus",2017,505.84
"Tom Green",2017,722.58
"Travis",2017,597.22
"Trinity",2017,NA
"Tyler",2017,515.46
"Upshur",2017,506.33
"Upton",2017,NA
"Uvalde",2017,531.65
"Val Verde",2017,366.49
"Van Zandt",2017,706.44
"Victoria",2017,558.33
"Walker",2017,558.29
"Waller",2017,479.76
"Ward",2017,NA
"Washington",2017,391.64
"Webb",2017,523.4
"Wharton",2017,400
"Wheeler",2017,NA
"Wichita",2017,400.99
"Wilbarger",2017,748.3
"Willacy",2017,411.99
"Williamson",2017,573.12
"Wilson",2017,587.12
"Winkler",2017,NA
"Wise",2017,431.94
"Wood",2017,687.96
"Yoakum",2017,425.53
"Young",2017,386.47
"Zapata",2017,711.3
"Zavala",2017,457.52
